모델,색상,단가,225,230,235,240,245,250,255,이미지
668,화이트,7000,3,1,5,0,2,3,0,https://flameworks.dothome.co.kr/b2b/2C/668%20%283%29.webp
668,베이지,7000,2,0,0,0,1,1,0,https://flameworks.dothome.co.kr/b2b/2C/668%20%281%29.webp
2044,블랙,5000,9,3,0,1,0,0,0,https://flameworks.dothome.co.kr/b2b/2C/2044%20%283%29.webp
2044,브라운,5000,8,4,0,0,0,0,0,https://flameworks.dothome.co.kr/b2b/2C/2044%20%282%29.webp
2044,아이보리,5000,7,0,1,0,0,0,0,https://flameworks.dothome.co.kr/b2b/2C/2044%20%281%29.webp
2053,블랙,10500,7,8,3,9,0,0,0,https://flameworks.dothome.co.kr/b2b/2C/2053%20%282%29.webp
2053,스웨이드,10500,12,11,22,22,3,0,0,https://flameworks.dothome.co.kr/b2b/2C/2053.webp
2126,브라운,3000,0,0,0,0,1,0,0,https://flameworks.dothome.co.kr/b2b/4C/1%20%287%29.webp
2127,그레이,3000,0,1,0,0,0,0,0,https://flameworks.dothome.co.kr/b2b/4C/1%20%2810%29.webp
2127,브라운,3000,0,0,0,0,1,0,0,https://flameworks.dothome.co.kr/b2b/4C/1%20%2810%29.webp
2128,블랙,3000,0,2,0,0,0,0,0,https://flameworks.dothome.co.kr/b2b/4C/1%20%2812%29.webp
2190,베이지,10000,2,7,5,0,8,16,0,https://flameworks.dothome.co.kr/b2b/2C/2190%20%281%29.webp
2190,화이트,10000,11,7,16,3,9,11,0,https://flameworks.dothome.co.kr/b2b/2C/2190.webp
2190,블랙,10000,2,18,17,5,13,5,0,https://flameworks.dothome.co.kr/b2b/2C/2190%20%282%29.webp
2193,베이지,5000,0,0,1,0,1,2,0,https://flameworks.dothome.co.kr/b2b/2C/2193%20%281%29.webp
2193,그린,5000,0,7,5,0,0,1,0,https://flameworks.dothome.co.kr/b2b/2C/2193%20%282%29.webp
2193,화이트,5000,0,0,1,0,0,0,0,https://flameworks.dothome.co.kr/b2b/2C/2193%20%283%29.webp
2225,블랙,7000,0,6,7,0,0,0,0,https://flameworks.dothome.co.kr/b2b/2C/2226%20%282%29.webp
2225,그레이,7000,0,2,1,1,0,0,0,https://flameworks.dothome.co.kr/b2b/2C/2226%20%281%29.webp
2226,블랙,29000,0,7,10,12,10,2,0,https://flameworks.dothome.co.kr/b2b/2C/2225%20%282%29.webp
2226,아이보리,29000,0,16,15,16,7,0,0,https://flameworks.dothome.co.kr/b2b/2C/2225.webp
2230,브라운,10000,0,2,0,0,0,0,0,https://flameworks.dothome.co.kr/b2b/2C/2230%20%281%29.webp
2230,블랙,10000,0,4,11,0,11,0,0,https://flameworks.dothome.co.kr/b2b/2C/2230%20%282%29.webp
2235,화이트,25000,0,8,6,8,0,3,0,https://flameworks.dothome.co.kr/b2b/2C/2235%20%282%29.webp
2235,블랙,25000,0,9,10,22,11,10,0,https://flameworks.dothome.co.kr/b2b/2C/2235%20%281%29.webp
2949,블랙,22000,1,1,2,1,3,3,0,https://flameworks.dothome.co.kr/b2b/2C/2949%20%282%29.webp
2949,아이보리,22000,1,2,3,3,2,2,0,https://flameworks.dothome.co.kr/b2b/2C/2949%20%281%29.webp
2950,아이보리,22000,3,6,5,7,5,4,0,https://flameworks.dothome.co.kr/b2b/2C/2950%20%281%29.webp
2950,블랙,22000,3,6,9,16,2,2,0,https://flameworks.dothome.co.kr/b2b/2C/2950%20%282%29.webp
2952,블랙,10000,0,3,5,5,5,2,0,https://flameworks.dothome.co.kr/b2b/4C/1%20%2813%29.webp
3001,베이지,29000,0,8,8,12,10,6,0,https://flameworks.dothome.co.kr/b2b/3001%20%283%29.webp
3001,블랙,29000,0,3,7,4,3,7,0,https://flameworks.dothome.co.kr/b2b/3001%20%285%29.webp
3001,그레이,29000,0,4,6,4,6,4,0,https://flameworks.dothome.co.kr/b2b/3001%20%281%29.webp
5120,블랙,31000,0,13,15,12,6,7,0,https://flameworks.dothome.co.kr/b2b/2C/5120%20%283%29.webp
5120,카멜,25000,0,1,1,0,4,0,0,https://flameworks.dothome.co.kr/b2b/2C/5120%20%282%29.webp
5120,브라운,31000,0,12,20,12,13,9,0,https://flameworks.dothome.co.kr/b2b/2C/5120%20%281%29.webp
5165,그레이,7000,0,6,8,1,0,0,0,https://flameworks.dothome.co.kr/b2b/3C/1%20%2834%29.webp
5165,카멜,7000,0,7,5,3,2,0,0,https://flameworks.dothome.co.kr/b2b/3C/1%20%2832%29.webp
5165,핑크,7000,0,5,1,0,0,0,0,https://flameworks.dothome.co.kr/b2b/3C/1%20%2866%29.webp
5167,베이지,10000,0,3,0,0,0,4,0,https://flameworks.dothome.co.kr/b2b/3C/1%20%2837%29.webp
5167,카멜,10000,0,2,0,0,3,7,0,https://flameworks.dothome.co.kr/b2b/3C/1%20%2831%29.webp
5167,블랙,10000,0,3,0,2,5,10,0,https://flameworks.dothome.co.kr/b2b/3C/1%20%2848%29.webp
5168,카멜,24500,0,9,7,8,11,10,0,https://flameworks.dothome.co.kr/b2b/3C/1%20%281%29.webp
5168,블랙,24500,0,14,19,17,15,6,0,https://flameworks.dothome.co.kr/b2b/3C/1%20%2821%29.webp
5168,베이지,24500,0,2,8,0,5,3,0,https://flameworks.dothome.co.kr/b2b/3C/1%20%2826%29.webp
5170,블랙,26500,0,4,8,6,0,8,0,http://flameworks.dothome.co.kr/b2b/5170%20%281%29.webp
5170,브라운,26500,0,18,5,4,13,9,0,http://flameworks.dothome.co.kr/b2b/5170%20%283%29.webp
5171,블랙,27500,0,12,23,16,9,5,0,http://flameworks.dothome.co.kr/b2b/5171%20%284%29.webp
5171,브라운,27500,0,10,11,11,,11,0,http://flameworks.dothome.co.kr/b2b/5171%20%282%29.webp
5172,베이지,10000,0,0,9,6,1,9,0,https://flameworks.dothome.co.kr/b2b/3C/1%20%2871%29.webp
5172,블랙,10000,0,1,0,0,1,0,0,https://flameworks.dothome.co.kr/b2b/3C/1%20%2860%29.webp
5172,브라운,10000,0,0,3,0,3,4,0,https://flameworks.dothome.co.kr/b2b/3C/1%20%2851%29.webp
5173,블랙,25000,0,3,14,23,13,10,0,https://flameworks.dothome.co.kr/b2b/3C/1%20%2856%29.webp
5173,브라운,25000,0,0,2,5,8,1,1,https://flameworks.dothome.co.kr/b2b/3C/1%20%2825%29.webp
5174,블랙,15000,0,2,5,8,5,1,0,https://flameworks.dothome.co.kr/b2b/3C/1%20%2830%29.webp
5174,아이보리,15000,0,2,6,7,5,2,0,https://flameworks.dothome.co.kr/b2b/3C/1%20%2865%29.webp
5175,브라운,12500,0,0,5,0,1,0,0,https://flameworks.dothome.co.kr/b2b/3C/1%20%286%29.webp
5175,블랙,12500,0,2,1,3,1,2,0,https://flameworks.dothome.co.kr/b2b/3C/1%20%2824%29.webp
5177,블랙,25000,0,0,11,0,11,9,0,https://flameworks.dothome.co.kr/b2b/3C/1%20%2882%29.webp
5177,베이지,25000,0,0,15,5,7,18,1,https://flameworks.dothome.co.kr/b2b/3C/1%20%2847%29.webp
5178,블랙,20000,0,16,22,16,15,6,0,https://flameworks.dothome.co.kr/b2b/3C/1%20%2816%29.webp
5178,베이지,20000,0,9,11,5,15,10,0,https://flameworks.dothome.co.kr/b2b/3C/1%20%2864%29.webp
5180,베이지,19500,0,1,12,12,16,10,0,http://flameworks.dothome.co.kr/b2b/5180%20%281%29.webp
5180,블랙,19500,0,9,11,15,18,10,0,http://flameworks.dothome.co.kr/b2b/5180%20%284%29.webp
5180,핑크,19500,0,3,8,7,3,3,0,http://flameworks.dothome.co.kr/b2b/5180%20%283%29.webp
5180,블루,19500,0,2,10,11,9,6,0,http://flameworks.dothome.co.kr/b2b/5180%20%282%29.webp
5181,다크베이지,22000,0,0,3,16,9,12,0,http://flameworks.dothome.co.kr/b2b/summer/sub/5181%20%283%29.png
5181,블랙,22000,0,4,7,6,8,5,0,http://flameworks.dothome.co.kr/b2b/summer/sub/5181%20%281%29.png
5181,화이트,22000,0,7,15,6,2,3,0,http://flameworks.dothome.co.kr/b2b/summer/sub/5181%20%282%29.png
5187,실버,10000,0,12,25,17,17,11,0,https://flameworks.dothome.co.kr/b2b/3C/1%20%2857%29.webp
5187,블랙,10000,0,11,15,14,11,8,0,https://flameworks.dothome.co.kr/b2b/3C/1%20%283%29.webp
5188,블랙,21000,0,12,28,30,15,13,0,https://flameworks.dothome.co.kr/b2b/5188%20%285%29.webp
5188,베이지,21000,0,13,28,23,14,11,0,http://flameworks.dothome.co.kr/b2b/summer/sub/5188%20%281%29.png
5208,화이트,10000,0,0,3,4,2,2,0,https://flameworks.dothome.co.kr/b2b/3C/1%20%2879%29.webp
5209,블랙,15000,0,3,11,0,4,0,0,https://flameworks.dothome.co.kr/b2b/3C/1%20%2859%29.webp
5209,화이트,15000,0,3,4,4,3,2,0,https://flameworks.dothome.co.kr/b2b/3C/1%20%2827%29.webp
5212,블랙,10000,0,0,16,1,0,1,0,https://flameworks.dothome.co.kr/b2b/3C/1%20%2811%29.webp
5217,아이보리,29000,0,11,15,21,16,6,0,https://flameworks.dothome.co.kr/b2b/3C/1%20%288%29.webp
5217,블랙,29000,0,7,18,27,11,13,0,https://flameworks.dothome.co.kr/b2b/3C/1%20%2877%29.webp
5218,블랙,15000,0,6,0,0,0,0,0,https://flameworks.dothome.co.kr/b2b/3C/1%20%2850%29.webp
5218,아이보리,15000,0,10,3,13,11,3,0,https://flameworks.dothome.co.kr/b2b/3C/1%20%2853%29.webp
5219,아이보리,25000,0,5,5,12,11,10,0,http://flameworks.dothome.co.kr/b2b/5219%20%281%29.webp
5219,실버,25000,0,12,12,27,14,8,0,http://flameworks.dothome.co.kr/b2b/5219%20%283%29.webp
5219,블랙,25000,0,12,15,15,6,15,0,http://flameworks.dothome.co.kr/b2b/5219%20%282%29.webp
5220,블랙,25000,0,5,4,12,6,5,0,https://flameworks.dothome.co.kr/b2b/3C/1%20%2843%29.webp
5220,아이보리,25000,0,12,16,20,13,5,0,https://flameworks.dothome.co.kr/b2b/3C/1%20%2818%29.webp
5221,아이보리,10000,0,5,13,12,8,7,0,https://flameworks.dothome.co.kr/b2b/5221%20%281%29.webp
5221,블랙,10000,0,18,32,32,23,17,0,https://flameworks.dothome.co.kr/b2b/3C/1%20%2817%29.webp
5222,블랙,27000,0,13,21,18,16,14,0,http://flameworks.dothome.co.kr/b2b/5222%20%281%29.webp
5222,그레이,27000,0,7,15,10,15,8,0,http://flameworks.dothome.co.kr/b2b/5222%20%285%29.webp
5222,아이보리,27000,0,22,18,12,19,8,0,http://flameworks.dothome.co.kr/b2b/5222%20%284%29.webp
5302,그레이,26000,0,7,14,0,1,2,0,http://flameworks.dothome.co.kr/b2b/5302%20%281%29.webp
5302,베이지,26000,0,8,10,9,5,9,0,http://flameworks.dothome.co.kr/b2b/5302%20%284%29.webp
5302,레드,26000,0,5,7,9,5,6,0,http://flameworks.dothome.co.kr/b2b/5302%20%282%29.webp
5303,그레이,27500,0,3,1,1,5,6,0,https://flameworks.dothome.co.kr/b2b/5303%20%284%29.webp
5303,베이지,27500,0,18,26,36,17,18,0,https://flameworks.dothome.co.kr/b2b/5303%20%283%29.webp
5303,블랙,27500,0,7,8,9,8,5,0,https://flameworks.dothome.co.kr/b2b/5303%20%285%29.webp
5304,베이지,27500,0,8,15,19,7,11,0,https://flameworks.dothome.co.kr/b2b/5304%20%282%29.webp
5304,블랙,27500,0,8,14,13,12,8,0,https://flameworks.dothome.co.kr/b2b/5304%20%281%29.webp
5304,그레이,27500,0,5,6,8,3,5,0,https://flameworks.dothome.co.kr/b2b/5304%20%284%29.webp
5305,레오파드,28000,0,4,11,9,9,7,0,http://flameworks.dothome.co.kr/b2b/5305%20%282%29.webp
5305,베이지,28000,0,4,8,7,7,6,0,http://flameworks.dothome.co.kr/b2b/5305%20%281%29.webp
5305,블랙,28000,0,5,9,7,9,10,0,http://flameworks.dothome.co.kr/b2b/5305%20%283%29.webp
5306,브라운,25000,2,6,5,9,8,9,0,https://flameworks.dothome.co.kr/b2b/5306%20%284%29.webp
5306,블랙,25000,1,9,5,0,0,6,0,https://flameworks.dothome.co.kr/b2b/5306%20%282%29.webp
5307,그레이,23000,2,4,8,8,9,2,0,http://flameworks.dothome.co.kr/b2b/5307%20%284%29.webp
5307,블랙,23000,4,11,18,23,9,6,0,http://flameworks.dothome.co.kr/b2b/5307%20%283%29.webp
5311,브라운,26000,0,26,21,30,18,21,0,https://flameworks.dothome.co.kr/b2b/3C/1%20%2870%29.webp
5311,베이지,26000,0,10,14,3,13,6,0,https://flameworks.dothome.co.kr/b2b/3C/1%20%2861%29.webp
5311,블랙,26000,0,14,16,17,23,17,0,https://flameworks.dothome.co.kr/b2b/3C/1%20%2852%29.webp
5312,카키,31000,0,21,50,65,26,29,0,https://flameworks.dothome.co.kr/b2b/3C/1%20%2823%29.webp
5312,블랙,31000,0,23,48,51,18,25,0,https://flameworks.dothome.co.kr/b2b/3C/1%20%2839%29.webp
5314,블랙,32500,4,8,6,8,7,7,0,http://flameworks.dothome.co.kr/b2b/5314%20%284%29.webp
5314,화이트,32500,6,3,7,8,7,6,0,http://flameworks.dothome.co.kr/b2b/5314%20%283%29.webp
5315,그레이,29000,0,6,10,8,0,3,0,https://flameworks.dothome.co.kr/b2b/5315%20%281%29.webp
5315,블랙,29000,0,3,4,3,7,2,0,https://flameworks.dothome.co.kr/b2b/5315%20%284%29.webp
5315,옐로우,29000,0,2,7,11,4,4,0,https://flameworks.dothome.co.kr/b2b/5315%20%285%29.webp
5322,블랙,28000,0,6,10,11,6,6,0,https://flameworks.dothome.co.kr/b2b/6C/1%20(68).jpg
5322,초코,28000,0,7,10,12,6,6,0,https://flameworks.dothome.co.kr/b2b/6C/1234_010.jpg
5322,아이보리,28000,0,6,10,12,6,6,0,https://flameworks.dothome.co.kr/b2b/6C/1234_007.jpg
5323,블랙,27000,0,6,11,12,6,5,0,https://flameworks.dothome.co.kr/b2b/6C/1234_020.jpg
5323,초코,27000,0,5,10,12,6,6,0,https://flameworks.dothome.co.kr/b2b/6C/1234_002.jpg
5323,아이보리,27000,0,6,10,12,6,6,0,https://flameworks.dothome.co.kr/b2b/6C/1234_013.jpg
5324,블랙,28000,0,9,15,16,6,9,0,
5324,브라운,28000,0,3,5,6,3,3,0,
5324,레드,28000,0,3,3,6,2,3,0,
5991,그레이,31000,0,3,5,6,3,3,0,https://flameworks.dothome.co.kr/b2b/6C/1234_011.jpg
5991,브라운,31000,0,3,6,6,3,2,0,https://flameworks.dothome.co.kr/b2b/6C/1234_015.jpg
5992,베이지,30000,0,2,5,6,3,4,0,https://flameworks.dothome.co.kr/b2b/6C/1234_021.jpg
5992,브라운,30000,0,4,5,5,3,3,0,https://flameworks.dothome.co.kr/b2b/6C/1234_005.jpg
5993,그레이,30000,0,3,5,6,3,3,0,https://flameworks.dothome.co.kr/b2b/6C/1%20(8).jpg
5993,브라운,30000,0,3,5,6,3,3,0,https://flameworks.dothome.co.kr/b2b/6C/1234_017.jpg
6001,블랙,15000,3,22,22,23,12,15,0,https://flameworks.dothome.co.kr/b2b/3C/1%20%2844%29.webp
6001,베이지,15000,16,20,30,29,16,17,0,https://flameworks.dothome.co.kr/b2b/3C/1%20%2876%29.webp
6001,카멜,15000,9,0,9,0,13,3,0,https://flameworks.dothome.co.kr/b2b/3C/1%20%2833%29.webp
6002,카멜,16000,2,11,15,2,11,13,0,https://flameworks.dothome.co.kr/b2b/3C/1%20%287%29.webp
6002,블랙,16000,0,26,17,17,19,4,0,https://flameworks.dothome.co.kr/b2b/3C/1%20%2869%29.webp
6002,베이지,16000,11,16,26,9,14,0,0,https://flameworks.dothome.co.kr/b2b/3C/1%20%2878%29.webp
6003,베이지,17000,9,12,12,12,7,0,0,https://flameworks.dothome.co.kr/b2b/3C/1%20%284%29.webp
6003,블랙,17000,7,10,3,0,7,3,0,https://flameworks.dothome.co.kr/b2b/3C/1%20%2874%29.webp
6003,카멜,17000,9,18,23,18,15,3,0,https://flameworks.dothome.co.kr/b2b/3C/1%20%2835%29.webp
6006,브라운,24000,0,10,17,19,14,11,0,https://flameworks.dothome.co.kr/b2b/3C/1%20%2836%29.webp
6006,블랙,24000,0,8,15,9,12,3,0,https://flameworks.dothome.co.kr/b2b/3C/1%20%2846%29.webp
6006,베이지,24000,0,15,19,12,14,16,0,https://flameworks.dothome.co.kr/b2b/3C/1%20%2872%29.webp
6007,베이지,25000,0,11,13,23,10,12,0,https://flameworks.dothome.co.kr/b2b/3C/1%20%2814%29.webp
6007,카멜,25000,0,15,21,16,18,13,0,https://flameworks.dothome.co.kr/b2b/3C/1%20%2867%29.webp
6007,블랙,25000,0,7,9,7,5,2,0,https://flameworks.dothome.co.kr/b2b/3C/1%20%2883%29.webp
6008,블랙,7000,0,1,7,0,2,0,0,https://flameworks.dothome.co.kr/b2b/3C/1%20%2813%29.webp
6008,브라운,7000,0,0,9,0,7,0,0,https://flameworks.dothome.co.kr/b2b/3C/1%20%2854%29.webp
6008,베이지,7000,0,1,3,0,3,1,0,https://flameworks.dothome.co.kr/b2b/3C/1%20%2810%29.webp
6009,카멜,23000,13,9,13,15,26,15,0,https://flameworks.dothome.co.kr/b2b/3C/1%20%2881%29.webp
6009,브라운,23000,0,0,0,0,6,0,0,https://flameworks.dothome.co.kr/b2b/3C/1%20%2828%29.webp
6009,베이지,23000,0,4,9,9,2,2,0,https://flameworks.dothome.co.kr/b2b/3C/1%20%2812%29.webp
6032,베이지,3000,0,1,0,1,0,0,0,https://flameworks.dothome.co.kr/b2b/4C/4.webp
7033,브라운,17000,0,15,20,41,28,13,21,https://flameworks.dothome.co.kr/b2b/3C/1%20%2880%29.webp
7033,블루,17000,0,23,28,19,15,25,0,https://flameworks.dothome.co.kr/b2b/3C/1%20%2855%29.webp
7033,블랙,17000,0,0,0,0,0,0,0,https://flameworks.dothome.co.kr/b2b/3C/1%20%285%29.webp
7033,베이지,17000,0,15,22,24,16,11,4,https://flameworks.dothome.co.kr/b2b/3C/1%20%2868%29.webp
7055,블랙,18000,0,4,4,2,3,0,0,https://flameworks.dothome.co.kr/b2b/4C/1%20%2815%29.webp
8001,브라운,5000,1,0,0,6,0,0,0,https://flameworks.dothome.co.kr/b2b/3C/1%20%2838%29.webp
8001,블랙,5000,0,8,0,1,0,0,0,https://flameworks.dothome.co.kr/b2b/3C/1%20%282%29.webp
8001,아이보리,5000,0,1,4,4,0,0,0,https://flameworks.dothome.co.kr/b2b/3C/1%20%2819%29.webp
8002,블랙,10000,7,11,14,11,14,10,0,https://flameworks.dothome.co.kr/b2b/3C/1%20%2845%29.webp
8002,아이보리,10000,9,12,11,14,7,8,0,https://flameworks.dothome.co.kr/b2b/3C/1%20%289%29.webp
8147,그레이,5000,5,18,1,2,1,0,0,https://flameworks.dothome.co.kr/b2b/5C/8147%20%281%29.jpg
8147,블랙,5000,3,0,0,0,1,0,0,https://flameworks.dothome.co.kr/b2b/5C/8147%20%282%29.jpg
겨울털크록스,블랙,5000,0,0,0,20,0,11,0,
겨울털크록스,화이트,5000,0,0,0,8,0,4,0,
포멜까멜레,실버,10000,2,3,3,4,3,2,0,
5306A,베이지,25000,2,4,9,10,6,4,0,http://flameworks.dothome.co.kr/b2b/5306A%20%281%29.webp
5306A,블랙,25000,2,6,9,11,5,3,0,http://flameworks.dothome.co.kr/b2b/5306A%20%283%29.webp
0030(9676),블랙,17500,0,4,7,7,4,5,0,https://flameworks.dothome.co.kr/b2b/6C/0030_bk.jpg
0030(9676),브라운,17500,0,4,7,8,5,4,0,https://flameworks.dothome.co.kr/b2b/6C/0030_br.jpg
0031(2688),블랙,19500,0,4,5,7,4,5,0,https://flameworks.dothome.co.kr/b2b/6C/0031%20(2).jpg
0031(2688),브라운,19500,0,3,3,7,5,4,0,https://flameworks.dothome.co.kr/b2b/6C/0031%20(1).jpg
0029(A0129),베이지,14500,0,6,7,7,6,5,0,https://flameworks.dothome.co.kr/b2b/6C/0029%20(2).jpg
0029(A0129),그린,14500,0,6,7,6,6,5,0,https://flameworks.dothome.co.kr/b2b/6C/0029%20(1).jpg
0028(2026),화이트,15000,0,0,0,0,0,0,0,https://flameworks.dothome.co.kr/b2b/6C/0028(WH).jpg
0028(2026),블랙,15000,0,0,0,0,0,0,0,https://flameworks.dothome.co.kr/b2b/6C/0028(BK).jpg
0032(6907),블랙,20000,0,0,0,0,0,0,0,https://flameworks.dothome.co.kr/b2b/6C/0032(BK).jpg
0032(6907),브라운,20000,0,0,0,0,0,0,0,https://flameworks.dothome.co.kr/b2b/6C/0032%20(BR).jpg
5325,블랙,30000,,,,,,,,https://flameworks.dothome.co.kr/b2b/6C/5325_bk.jpg
5325,브라운,30000,,,,,,,,https://flameworks.dothome.co.kr/b2b/6C/5325_br.jpg
